titulo,tipo,dormitorios,baños,garajes,m2,zona,precio
Casa En Venta Condominio Valle Del Cartago / Km 8 Norte,Casas,3,2,2,272,Norte,156.000
Casa En Venta En El Urubo - Cond. Rio Sierra,Casas,4,3,3,721,Urubó,398.000
Casa En Venta Sobre Avenida Con Local Comercial,Casas,4,2,2,300,Sur,95.000
Casa En Venta En Colinas Del Urubo Sector 1 La Cañada,Casas,5,3,3,475,Oeste,499.000
Hermosa Casa Quinta Zona Urubo Trejo,Casas,4,3,0,330,Urubó,300.000
NA,NA,NA,NA,0,NA,NA,NA
"Casa En Venta En El Condominio La Pradera, Zona Norte De Santa Cruz",Casas,4,3,3,317,Norte / Remanso,220.000
Casa De Lujo En Venta !!!,Casas,5,3,3,382,Norte,355.000
En Equipetrol - Amplia Casa De 4 Dormts Ideal Para Inversion,Casas,4,3,2,260,Norte / Equipetrol,279.000
Alquiler Casa Grande Comercial Zona Céntrica C/opción A Venta,Casas,5,3,3,630,Centro,600.000
Casa A Pocos Metros De La Av Roca Y Coronado,Casas,3,3,3,550,Oeste,393.000
Casas Con Buena Ubicación Y Accesibles,Casas,3,3,1,300,Este,Consultar
Vendo Casa Sobre Av. Melchor Pinto Vivienda Comercial Para Inversion,Casas,4,3,1,176,Centro,305.000
Casa,Casas,5,3,2,260,Norte,185.000
Nuevo Precio !!!colinas Del Urubo 2 Vendo Bella Casa De Diseño,Casas,4,3,3,600,Urubó,1.100.000
Hermosa Y Comoda Casa Urb. Mirage - Urubo,Casas,4,3,2,280,Urubó,180.000
Departamento En Torre Suant Av. Las Americas,Departamentos,3,3,2,300,Sur,395.000
Casa En Pre-venta Urubo,Casas,4,3,0,290,Urubó,250.000
Casa En Venta Av. Alemana Entre 2do Y 3er Anillo Calle Las Piñas,Casas,4,3,3,488,Norte,460.000
Moderno Edificio En Venta,Casas,5,3,3,1078,Este,652.869
Casa De 4 Dormitorios En Venta,Casas,4,3,2,169,Oeste,118.000
Condominio Las Brisas Km 8.5 Al Norte,Casas,5,3,3,700,Norte,690.000
Casa En Venta - Zona Sur,Casas,5,3,1,332,Sur,349.000
Amplia Casa En Venta (dos Plantas),Casas,5,3,3,197533,Oeste,108.000
Céntrica Casa En Venta,Casas,3,3,2,243,Centro,275.000
Casa En Venta Equipetrol,Casas,4,3,3,225,Norte / Equipetrol,290.000
Edificio Punta Del Este. Depto 3 Dorm,Departamentos,3,3,2,175,Norte,190.000
Propiedad A Estrenar Obra Bruta Terminada,Casas,2,1,0,360,Este,15.500
Ganga De Casa En El Urubo,Casas,5,3,2,380,Urubó,200.000
Casa A Estrenar,Casas,5,3,0,260,Este,92.000
"Vendo Una  Hermosa Casa Amplia En Condominio, En El Urubó",Casas,4,3,3,430,Oeste,380.000
Colinas 1 Urubo Casa Nueva De Lujo,Casas,4,3,3,500,Urubó,595.000
Casa En Venta Sobre 3er Anillo Equipetrol,Casas,4,3,3,426,Norte / Equipetrol,535.000
Hermosa Casa Moderna En Mutualista,Casas,4,2,2,190,Norte,155.000
Casa En Venta Con Departamento Al Fondo De La Casa,Casas,5,3,2,184,Norte,130.000
Propiedad A Estrenar,Casas,4,3,0,245,Norte / Remanso,155.000
Construcción Colonial 1990,Casas,5,3,2,240,Centro,185.000
Vendo Hermosa Casa En Jardines Del Urubo,Casas,3,2,3,305,Urubó,310.000
Casa En Venta Barrio Palmira 10  Zona Sur,Casas,5,2,3,200,Sur,65.000
Casas En Preventa,Casas,2,1,0,300,Norte,45.000
Hermosa Casa A La Venta - Condominio Residencial Polo Country,Casas,3,3,3,375,Norte,275.000
Hermosa Casa Norte,Casas,3,3,2,293,Norte / Remanso,210.000
Casa En Venta De 4 Dormitorios - Zona Norte - Urb. Jardines Del Remanso,Casas,4,3,2,309,Norte / Remanso,169.000
"Casa En Venta. Urbanización El Trapiche, 2 Dormitorios, $us 60.000, Wsapp. 71016",Casas,2,2,2,180,Este,60.000
"Departamentos De Lujo En Venta , Barrio Las Palmas",Departamentos,3,3,1,290,Oeste / Las palmas,435.000
Pre-venta Casa Modelo Löwe - Viví En Una Eterna Vacación,Casas,4,3,2,240,Urubó,191.000
Casa En Venta Zona Norte En Condominio 5 Dormitorios,Casas,5,3,3,260,Norte,220.000
Vendo Un Hermoso Depto Equipado  A Estrenar De 240m2 En Equipetrol,Departamentos,3,3,2,240,Norte / Equipetrol,350.000
Casa En Venta - Condominio Paradisso,Casas,5,3,3,280,Este,88.000
"Casaen Enta En El Condominio La Pradera, Zona Norte De Santa Cruz",Casas,4,3,3,317,Norte / Remanso,220.000
Hermosas Casas En Preventa Y A Estrenar,Casas,3,3,3,200,Norte / Remanso,95.000
Casa De 4 Dormitorios En Venta,Casas,4,3,3,475,Urubó,500.000
Casa Dos Ambientes Independientes,Casas,4,2,1,200,Este,95.000
Bonita Casa En Venta Ideal Para Su Vivienda Y Alquileres Múltiples.,Casas,5,2,2,340,Norte,157.000
Casa En Venta Zona Norte De 4 Dormitorios,Casas,4,3,2,220,Norte,179.000
Zona Remanso - Casas A Estrenar,Casas,3,3,2,152,Norte / Remanso,110.000
Hermosa Casa En Hacienda Del Urubo,Casas,5,3,3,773,Urubó,640.000
Ocasion Venta De Departamento Calle Cochabamba Esquina Irala,Departamentos,3,3,1,199,Sur,225.000
"Vendo Una Casa, 280m2 Construidos En La Zona Sur, Cerca Avenida Las Americas",Casas,4,3,0,280,Sur,365.000
Hermosa Casa Con Piscina En Equipetrol,Casas,4,3,3,376,Norte / Equipetrol,530.000
Casa En Venta Zona Nor Este,Casas,3,3,2,385,Norte,380.000
Casa En Venta Barrio Hamacas,Casas,5,3,2,260,Norte / Hamacas,255.000
Casa En Condominio Zona Norte,Casas,3,3,3,190,Norte,155.000
Exclusivo Departamento En Equipetrol,Casas,1,1,1,4830,Centro,79.500
Hermosa Casa En Zona Norte,Casas,5,3,2,803,Norte,480.000
Casa En Venta Urubo,Casas,3,2,2,165,Urubó,125.000
Céntrica Casa En Venta,Casas,5,3,0,375,Oeste,195.000
"¡tu Casa! En Condominio Valle Norte 2, Zona Norte, Av. Banzer",Casas,4,3,2,290,Norte / Remanso,245.000
Casa De Lujo A Estrenar-la Hacienda Del Urubo,Casas,5,3,3,640,Urubó,630.000
Bellos Dptos. En Venta O Alquiler A Estrenar,Departamentos,3,3,1,213,Oeste / Urbari,220.000
Casa En Venta Av Juan Pablo Segundo,Casas,4,3,3,340,Sur,310.000
Vendo Hermosa Casa En La Mutualista C/38 Entre 3ro Y 4to Anillo,Casas,4,3,3,300,Norte,300.000
Casa En Venta Zona Norte 5 Dormitorios,Casas,5,3,3,250,Norte,160.000
Departamento Penthouse,Departamentos,4,3,1,325,Sur,230.000
"Departamento En Venta En 3er Anillo Sur Santa Cruz De La Sierra $us 240,000",Departamentos,3,3,0,226,Sur,240.000
Departamentos De Lujo Y Exclusivos Barrio Las Palmas,Departamentos,3,3,0,290,Oeste / Las palmas,435.000
Casa A Estrenar,Casas,4,3,0,200,Este,169.000
Casa De 3 Dormitorios Sevilla Terrazas II,Casas,3,2,2,165,Norte,120.000
Amplio Departamento,Departamentos,3,3,1,167,Norte,110.000
"Departamento De Lujo En Venta, Omnia Lux",Departamentos,2,3,2,265,Oeste,385.000
Lujosa Casa A Estrenar,Casas,4,3,0,196,Norte,169.000
Casa En Venta Zona Norte,Casas,3,3,2,175,Norte,180.000
Casa En Venta,Casas,5,2,0,180,Norte,80.000
Hermosa Casa De 3 Dormitorios Villa Mercedes,Casas,3,3,2,180,Oeste,168.000
Casa En Condominio Sevilla Los Jardines,Casas,3,2,2,157,Norte,120.000
"Hermosa Y Amplia Casa En Venta, 3er Anillo Externo Entre Mutualista Y Paragua",Casas,5,3,3,380,Norte,395.000
Hermosa Casa En Venta 4to Anillo,Casas,5,2,1,180,Sur,135.000.000
Casa En Venta,Casas,2,1,1,240,Norte,60.000
Dpto.  - B. Las Palmas,Departamentos,3,3,2,231,Centro,180.000
Sector Estratégico Y Comercial Cerca A La Universidad Gabriel Rene Moreno,Casas,5,2,1,230,Centro,139.500
Casa En Venta A Estrenar,Casas,4,3,3,428,Oeste,320.000
Hermosa Casa En Condominio 3 Dormitorios Y Demas Dependencias,Casas,3,3,0,157,Norte,135.000
Casa A 4 Cuadras Del 2do Anillo,Casas,5,3,0,330,Norte,260.000
Equipetrol Vendo Bello Departamento,Departamentos,3,3,2,202,Norte / Equipetrol,215.000
En Venta  Casa En Las Palmas,Casas,4,3,3,700,Oeste,700.000
En Venta Urubo,Casas,4,3,0,635,Urubó,520.000
Bonita Casa De 250m2 En El Barrio Las Palmas,Casas,5,3,2,250,Oeste / Las palmas,250.000
Lujosa Casa Smart Zona Norte,Casas,5,3,3,950,Norte,640.000
Hermosa Casa En Venta Las Palmas,Casas,4,2,2,270,Oeste,260.000
De Ocacion Vendo Casa En Valle Sanchez,Casas,5,3,3,160,Norte,65.000
Casa En Alquiler Una Cuadra Antes De 2º Anillo,Casas,4,3,1,218,Oeste / Urbari,250.000
Casa En Venta Sobre Avenida Con Local Comercial,Casas,3,2,2,300,Sur,220.000
Linda Casa Muy Bien Ubicada Zona Sur 3er Y 4to Anillo Santos Dumont,Casas,4,3,2,232,Sur,175.000
Amplia Y Cómoda Casa En Venta,Casas,4,3,2,250,Norte,242.000
Vendo Casa Lujosa,Casas,4,3,1,617,Este,499.000
Casa En Venta A Dos Cuadras Del 2do Anillo,Casas,5,3,0,228,Centro,150.000
Casa En Venta En Colinas Del Urubo La Cañada,Casas,3,3,3,420,Urubó,390.000
Casa En Venta Zona Norte 5to Anillo,Casas,3,3,2,215,Norte,133.000
2 Años De Construccion,Casas,5,3,0,380,Norte,265.000
Hermosa Casa Minimalista En Condominio Forestal,Casas,5,3,0,570,Oeste,700.000
Casa 1 Condominio Dalí,Casas,4,3,2,266,Oeste,368.000
Casa En Venta - Colinas Del Urubo Sector 2,Casas,4,3,3,540,Urubó,740.000
Casa En Venta,Casas,5,3,0,240,Sur,145.000
Apartamento Entre 1 Y 2 Anillo Av. Busch,Departamentos,3,3,1,158,Centro,170.000
Moderna Casa Ideal Para Tu Nuevo Hogar!!!,Casas,3,2,2,12535,Norte,90.000
Casa Centrica Zona Uagrm,Casas,4,3,2,221,Oeste,240.000
Casa Céntrica Con 3 Suites  Y Piscina (amoblada),Casas,5,3,2,200,Este,320.000
¡departamento En Venta Condominio Torre Milán!,Departamentos,3,3,1,173,Centro,160.000
Gran Oportunidad! Casa En Venta En Sirari-equipetrol,Casas,4,3,1,197,Norte / Equipetrol,275.000
Casa En Venta,Casas,5,3,2,267,Este,150.000
"Bonita Casa En Venta, Radial 27 Y 4to Anillo, 3 Dormit, Local Comercial,$170.000",Casas,3,3,2,210,Norte,170.000
Casa En Venta,Casas,5,1,1,200,Este,185.000
Chalet En Venta,Casas,5,3,2,200,Este,170.000
Casa En Venta,Casas,5,3,0,636,Centro,600.000
Casa En Venta,Casas,3,3,3,240,Norte,Consultar
Vendo Departamento 3er Anillo Y Ave San Aurelio,Departamentos,3,2,2,152,Sur / Polanco,118.000
Para Estrenar,Casas,5,3,0,196,Este,99.000
Oferta! Casa En Venta,Casas,3,3,1,218,Oeste,199.900
Bonita Casa En Venta,Casas,3,2,2,294,Norte,270.000
"Asa A Estrenar En Cond. Palma Dorada Av. Pirai, 6to Anillo.",Casas,5,3,2,150,Oeste,125.000
"Amplia Casa En El Quior, Media Cuadra Av Principal 336 M2 Terr Y 337 Construc.",Casas,5,2,2,337,Este,79.000
Casa En Venta A Una Cuadra Santos Dumont 6 Y 7,Casas,4,3,3,260,Sur,100.000
Departamento En Venta Zona B/ Hamacas,Departamentos,1,1,0,4190,Norte / Hamacas,48.500
Bellisima Casa Minimalista A Estrenar,Casas,4,3,0,215,Norte,210.000
Vendo Casa Zona Norte Av. Paragua Ente Edo Y 3er Anillos,Casas,5,3,3,395,Norte,495.000
Casa En Venta Zona Feria Barrio Lindo,Casas,5,3,2,315,Este,165.000
Nuevo,Casas,2,1,0,400,Urubó,100.000
Dptos. Duplex En Pre-venta,Departamentos,3,3,1,165,Este,160.000
"Hermosa Vivienda Minimalista A Estrenar, En Condominio La Pradera",Casas,4,3,2,236,Norte / Remanso,173.000
Casa A Estrenar De Dos Plantas,Casas,3,3,2,170,Norte / Remanso,109.900
Hermosa Casa Vendo,Casas,4,3,3,638,Este,1.500.000
Hermosa Casa Estilo Europea,Casas,4,3,3,348,Sur,330.000
Ricardo Trujillo Castro,Casas,5,3,1,210,Este,78.000
Hermosa Casa De Lujo A Estrenar,Casas,3,3,2,365,Norte,450.000
Hermosa Casa En Venta,Casas,3,3,0,223,,374.000
Se Vende Casa En Zona Norte Y Se Acepta Vehiculo Como Parte De Pago,Casas,2,2,3,155,Norte,132.000
Nuevo Precio !!!!!!!urubo Green Vendo Hermosa Casa De Diseño,Casas,4,3,3,400,Urubó,450.000
Casa En Venta En Urbari,Casas,3,3,3,259,Oeste,360.000
"Hermosa Casa En Venta, Zona De Alta Plusvalía (zona Norte) En Condominio Cerrado",Casas,3,3,2,190,Norte / Remanso,130.000
Departamento En Venta Condominio Torres Gemelas,Casas,4,3,1,200,Norte,180.000
"Hermosa Casa En El Urubo, Oferta",Casas,3,3,1,160,Urubó,180.000
Casa En Venta Zona 3 Pasos Al Frente,Casas,3,3,3,280,Este,135.000
Vendo Casa Independiente,Casas,4,2,2,196,Norte,155.000
Casas Gemelas,Casas,2,2,0,186,Norte / Remanso,142.000
Casa En Venta Zona Norte Cerca De Ucebol,Casas,3,2,2,350,Norte,105.000
Casa En Cond. Las Palmas II,Casas,3,3,2,190,Oeste,190.000
Lindas Casas A Estrenar Condominio Lleno De Naturaleza Zona Av Pirai 5to Anillo,Casas,3,3,2,285,Oeste,210.000
Hermosa Casa En Venta,Casas,5,3,0,360,Norte,210.000
Venta Departamento 1 Dormitorio A Estrenar,Departamentos,1,1,1,5935,Norte / Hamacas,53.500
Buen Estado,Casas,3,2,0,280,Norte,35.000
Propiedad A Estrenar,Condominio,6,3,0,400,Centro,750.000
Casa Y Galpón En Venta Zona De Alta Plusvalía Entre 4to Y 5to Anillo Zona Norte,Casas,4,3,0,570,Norte,350.000
"Casa En Venta, A Estrenar, Alemana Y 7mo Anillo.. $us120.000.. Wsapp. 71016411,",Casas,3,3,2,170,Norte,120.000
Casa En Venta Barrio Las Palmas,Casas,5,3,2,250,Oeste,250.000
Vendo Linda Casa Zona Sur 7 Y 8 Anillo,Casas,3,1,1,250,Sur,67.000
Venta De Casa En Zona Norte,Casas,3,3,3,360,Norte / Remanso,245.000
Linda Casa En Avenida Alemana,Casas,3,3,2,200,Norte,146.000
Lindo Departamento De Ocasión!! Gardenia Norte,Departamentos,3,3,2,160,Norte / Hamacas,125.000
Casa De Lujo Radial 26,Casas,5,3,2,802,Norte,480.000
"Salta,rep.argentina Vendo Bella Casa",Casas,5,3,3,780,Norte,950.000
Casa A Estrenar En El Remanso,Casas,3,3,2,230,Norte / Remanso,135.000
Hermoso Pethouse Duplex,Departamentos,4,3,1,470,Norte,390.000
Lujo Total En El Urubo,Casas,5,3,3,580,Oeste,630.000
$us 345.000 Casa Zona Central,Casas,4,3,0,260,Centro,345.000
Casas Financiadas 100% A Tiempo Record 30 Años Plazo,Casas,2,1,0,180,Este,1.000
Casa En Venta,Casas,3,3,2,185,Norte,127.800
Casa Amplia,Casas,3,3,0,190,Norte,75.000
Hermosa Casa En Condominio Cerrado,Casas,3,3,3,190,Norte / Remanso,188.000
Vendo Casa Frente A Parque Y Colegio,Casas,5,3,2,410,Este,175.000
Vendo Casa De 2 Pisos - Con 2 Tiendas Funcionando,Casas,5,3,3,260,Sur,150.000
Hermosa Casa En Venta Barrio Jardín Latino,Casas,3,3,2,247,Oeste,147.000
Casa En Preventa,Casas,4,3,0,293,Urubó,293.000
Descuento Especial - Casa En Venta En Condominio Exclusivo,Casas,3,3,2,240,Urubó,169.900
"Casa En Condominio Hamburgo Norte, En El Remanso.",Casas,3,3,2,220,Norte / Remanso,220.000
Usado,Casas,5,1,0,240,Sur,76.500
Casa En Venta Avenida Alemana 3er Anillo,Casas,4,3,2,390,Norte,295.000
Casa A Estrenar,Casas,3,3,2,212,Oeste / Doble via la guardia,130.000
Casa En Condominio Privado,Casas,4,3,3,180,Oeste,137.000
Casa A Estrenar En Condominio Santa Fe,Casas,3,2,0,210,Sur,90.000
Hermoso Departamento Duplex En Las Palmas,Departamentos,3,3,1,164,Oeste / Las palmas,134
Casa En Venta Kilometro 9 Doble Via La Guardia,Casas,2,2,3,150,Oeste,120.000
Hermosa Casa En Venta,Casas,3,3,2,160,Norte,135.000
Exclusivo Condominio Torre Berlin,Departamentos,3,3,2,204,Norte,240.000
Inmueble Para Proyecto Inmobiliario,Casas,4,2,2,210,Norte / Equipetrol,870
En Venta Casa En Condominio Jardines Del Norte 2,Condominio,5,3,3,355,Norte,270.000
La Floresta Del Urubo Vendo Casa A Estrenae,Casas,4,3,3,400,Urubó,395.000
Ocasión,Casas,5,3,0,177,Sur,103.000
Casa En Venta,Casas,3,2,0,11610,Centro,130.000
Hermosa Casa En Venta Con Negocio Incluido!! Alquileres,Casas,5,3,0,350,Oeste / Doble via la guardia,220
Casa De Dos Plantas Zona Sur,Casas,3,2,1,220,Sur,110.000
"Linda Casa De Tres Dormitorios, Ampli Jardín Y Con Chalette En La Parte Trasera",Casas,4,3,0,162,Norte,62.000
"Casa En Venta En Condominio Vitorno 2 , 199 900 $",Casas,3,3,1,218,Oeste,199.900
Venta De Casa Nueva En La Urbanización El Remanso,Casas,3,3,3,240,Norte / Remanso,125.000
Vendo Hermosa Casa En Valle Sánchez (carretera Al Norte),Casas,5,3,0,160,Norte,65.000
Casa 3 Plantas + Piscina,Casas,5,3,2,235,Sur,135.000
"Espléndida Casa De 450ms2, Ideal Para Vivienda Y/o Oficina",Casas,5,3,3,450,Oeste / Urbari,460.000
Vendo Una Linda Casa En Condominio En La  Zona  Norte Con  430m2  Construidos.,Casas,4,3,2,430,Norte / Remanso,240.000
Casa En Venta De 1 Planta En Avenida Paragua,Casas,5,3,1,300,Norte,115.000
Sector De Alta Plus Valia Parque Urbano Centro 1er Anillio,Casas,5,3,3,220,Centro,347.000
Departamento De Lujo En Equipetrol Norte,Departamentos,3,3,2,175,Norte / Equipetrol,240.000
Amplio Departamento En Venta,Departamentos,3,3,1,201,Oeste / Urbari,185.000
Condominio Taruma Tower Credito Directo 1 Dormitorio,Departamentos,1,1,1,395,Norte,43.450
"Dpto En Preventa, Financiamiento Directo 100% Berchatti II 1dorm",Departamentos,1,1,1,37610,Norte,41.895
Moderna Casa A Estrenar En El Urubo,Casas,4,3,3,431,Urubó,350.000
Hermosa Casa En Venta,Casas,4,3,2,295,Norte,175.000
"A Una Cuadra De Cine Center, Casa 756m2",Casas,4,3,0,250,Centro,756.000
A Estrenar,Casas,3,2,0,172,Norte,72.000
Zona Norte 7mo Anillo Vendo Casa,Casas,3,3,2,156,Norte,120.000
Conoce La Casa De Tus Sueños,Casas,3,3,2,244,Norte / Remanso,145.000
Vendo De Ocacion Casa Bien Ubicada En La Av. Che Guevara,Casas,5,3,1,250,Oeste,130.000
Bonita Casa En Condominio,Casas,3,2,1,352,Este,110.000
"Comoda Casa Familiar En Venta, 6to Anillo Y Av Mariscal Santa Cruz",Casas,5,3,1,200,Oeste,110.000
Vendo Bella Casa Zona Oeste,Casas,4,3,2,330,Oeste,240.000
Zona Equipetrol Departamento De Lujo,Departamentos,2,3,0,230,Norte / Equipetrol,295.000
Casa Resort En El Urubo,Casas,3,3,0,700,Urubó,210.000
Hermosa Casa Km 81/2 Norte,Casas,3,3,2,195,Norte,175.000
Casa En Venta,Casas,5,1,0,240,Sur,75.000
Norte & Asociados Vende,Casas,3,3,0,250,Sur,90.000
Casa Para Empresa En Excelente Ubicacion Cruceña,Casas,5,3,3,893,Este,430.000
Hermoso Departamento A Estenar En Edificio San Francisco Norte.,Departamentos,3,3,0,230,Norte,Consultar
Casa En Venta En Calle 21 De Mayo,Casas,3,3,1,206,Centro,300.000
Genesis II Zona Sur Santos Dumot 6to Y 7mo Anillo,Casas,3,3,2,160,Sur,100.000
"De Ocasión Propietario Vende Linda Y Amplia Casa, Zona Norte En Condominio",Casas,5,3,3,235,Norte / Remanso,138.000
Zona Norte Casa En Venta,Condominio,4,3,0,190,Norte / Remanso,160.000
Casa En Venta Cond. La Fontana La Riviera,Casas,3,3,2,160,Norte,123.000
Amplio Departamento En Venta Equipetrol Norte De Súper Oferta,Departamentos,3,3,2,157,Norte / Equipetrol,135.000
Casa En Condominio Corcega,Casas,5,3,0,210,Centro,230.000
Casa En Venta Zona Norte,Casas,3,3,2,180,Norte,100.000
Casa Totalmente Renovada Int./ext. 2 Dormitorios - Final Cumavi Urb. Los Sauses,Casas,2,1,2,322,Este,55.000
Lujosa Casa En Venta,Casas,3,3,3,220,Oeste,139.500
¡aprovecha De Esta Espaciosa Casa En Venta!,Casas,3,2,2,490,Norte,300.000
Casa De Lujo En Las Palmas,Casas,4,3,3,452,Oeste / Las palmas,390.000
Casa En Venta En Condominio Sevilla Las Terrazas II,Casas,3,3,1,231,Norte,95.000
Casa En Venta Zona Sur,Casas,3,3,2,180,Sur,175.000
Casa En Venta Zona Oeste Expocruz,Casas,4,3,2,180,Oeste,175.000
Colinas Del Urubo Condominio La Cañada,Casas,3,3,2,420,Oeste,385.000
Vendo Departamento De Lujo Zona Equipetrol,Departamentos,2,3,0,230,Norte / Equipetrol,295.000
En Venta Hermosa Casa A Estrenar 200 Mts2 $us 135.000,Casas,4,2,1,170,Norte,135.000
Hermosa Casa En Venta,Casas,5,3,0,282,Sur,103.000
Lujosa Casa En Urbanizacion Villa Bonita Urubo,Casas,4,3,3,1716,Urubó,370.000
Hermosa Casa De Lujo En Urubo,Casas,5,3,3,650,Urubó,500.000
Casa En Venta Avenida Beni 8vo Anillo,Casas,3,3,2,236,Norte / Hamacas,145.000
Casa En Venta,Casas,5,3,0,250,Sur,200.000
Amplio Departamento En Venta,Departamentos,2,2,1,176,Oeste / Urbari,140.000
Casa A Estrenar En Zona Norte - 4to Anillo,Casas,4,3,3,315,Norte,360.000
Casa De 3 Dormitorios Sevilla Terrazas II,Casas,3,2,2,165,Norte,120.000
Gran Propiedad En Ubicacion Estrategica,Casas,3,2,0,190,Norte,210.000
Departamento Av. Los Cusis (entre Beni Y Alemana),Departamentos,3,2,1,155,Norte,145.000
Departamentos En Venta Financiamiento Directo 100% Berchatti II 1 Dormitorios,Departamentos,1,1,1,3761,Norte,41.895
Hermosa Casas En Venta,Casas,3,2,2,160,Oeste,120.000
Ecohabitat Las Palmeras Pirai 5to Anillo,Casas,3,3,2,152,Oeste,125.000
Excelente Estado,Casas,5,3,0,175,Sur,115.000
Casa En Venta En Condominio Parques Del Urubo,Casas,3,3,3,440,Norte,385.000
Seminueva,Casas,3,3,0,302,Sur,294.000
Casa Zona Urubo Trejo 1.100 Mts2 135.000 $us.,Casas,3,2,0,300,Urubó,135.000
Hermosa Casa En Venta,Casas,3,3,0,223,Este,355.000
Casa En Alquiler Sevilla Los Jardines,Casas,3,2,2,220,Norte,112.000
Casa En Venta De Una Sola Planta,Casas,3,1,0,750,Centro,385.000
"Hermosa Casona En Cond De 800m2 Construidos Cerca Av Banzer, Km 8.",Casas,5,3,3,810,Norte / Remanso,650.000
Hermosa Casa De Lujo En Urubo,Casas,5,3,3,512,Urubó,580.000
Departamento En Pre Venta En La Zona Norte  Edif Tamisa 3,Departamentos,2,2,1,6671,Norte,66.990
Casa En Venta,Casas,5,2,0,240,Sur,115.000
Calle Prolongación Warnes 1027,Casas,3,2,2,300,Centro,160.000
Casa En Venta En  Santa Cruz!!! Zona Av. Piraí,Casas,3,3,2,164,Oeste,117.500
Colinas Del Urubo Sector La Cañada Vendo,Casas,4,3,3,470,Urubó,550.000
Departamentos En Pre Venta Zona Av. Alemana,Departamentos,3,2,1,104000,Norte,109.275
Si,Casas,5,3,0,1000,Centro,900.000
Casa En Condominio,Casas,4,3,2,520,Norte,345.000
Moderna Casa A Estrenar En Colinas La Cañada,Casas,4,3,3,431,Urubó,350.000
Casa En Venta En El Centro De La Ciudad,Casas,3,3,1,206,Centro,300.000
Propiedad A Estrenar,Casas,5,3,0,448,Norte,190.000
"Hermosa Casa En Condominio ""la Colina""",Casas,3,2,2,320,Norte / Remanso,255.000
Casa En Venta Zona Norte,Casas,4,3,2,160,Norte,125.000
Bonita Casa En Venta,Casas,5,3,0,317,Oeste,82.000
Lujosa Casa En Venta Zona Norte,Casas,4,3,2,216,Norte,195.000
Casa En Venta En Av. Virgen De Cotoca Y 7mo Anillo,Casas,4,2,2,180,Este,105.000
Casa En Venta (sobre Avenida),Casas,5,3,0,400,Este,350.000
Casa A Estrenar,Casas,3,3,2,171,Oeste,120.000
Edificio En Venta En Santa Cruz. Zona Norte,Condominio,6,3,3,586,Norte,380.000
Propiedad A Estrenar,Casas,3,3,2,170,Urubó,170.000
Papeles Al Dia,Casas,5,3,3,200,Norte,1.000
Venta Hermosa Casa Condominio San Silvestre,Casas,3,3,2,350,Norte,245.000
Nuevo Precio Colinas Del Urubo 2 Vendo Bella Casa De Diseño,Casas,4,3,3,700,Urubó,950.000
Pre-venta Km 8 1/2 Norte Av Banzer En Urb. Cerrada,Casas,3,2,2,155,Norte / Remanso,95.000
Casa En Venta,Casas,3,3,3,157,Oeste / Doble via la guardia,105.000
Lujoso Penthous En Barrio Las Palmas,Departamentos,3,3,2,369,Oeste / Las palmas,360.000
Vendo Casa De 2 Plantas Zona Norte,Casas,4,3,3,163,Norte,190.000
Enorme Y Espléndida Casa En Urbarí,Casas,5,3,3,600,Oeste / Urbari,800.000
Venta Hermosa Casa,Casas,3,3,0,365,Norte,480.000
Casa En Venta,Casas,3,3,1,280,Oeste,150.000
Barrio Estacion Argentina  3er Anillo,Casas,5,3,3,300,Este,220.000
Hermosas Y Modernas Casas En Venta A Estrenar,Casas,3,3,2,220,Norte,155.000
Casa En Condominio,Casas,3,3,2,160,Oeste / Doble via la guardia,85.000
Vendo Un  Hermoso Dpto Amplio De 3 Dormitorios Por  La Zona Sur.,Departamentos,3,3,2,160,Sur,170.000
Hermosa Casa De 2 Pisos En Venta,Casas,5,3,0,285,Sur,155.000
Zona Norte !!!!,Casas,3,3,0,191,Norte,140.000
Casa De 4 Dormitorios En Condominio Zona Norte,Casas,4,2,2,170,Norte / Remanso,105.900
Casa En Venta Zona Norte,Casas,4,3,3,418,Norte / Hamacas,185.000
Casa A Estrenar En Cond. Z/norte 8vo Anillo,Casas,3,3,2,175,Norte,145.000
Casa En El Remanso,Casas,3,3,2,193,Norte / Remanso,155.000
Hermosa Casa En Venta!! De Dos Plantas.  Superficie:  210 Mt2  Caracteristicas:    Planta Baja  Living Comedor  Galeria  Sala De Estudios  Cocina  Sala De Estar  2 Baño  Garaje Para 3 Vehiculos  2 Dormitorios (con Aire Acondicionado)  Planta Alta  2 Dormi,Casas,4,3,0,220,Este,160.000
Equipetrol Super Ocasion Penthouse,Departamentos,3,3,2,580,Norte,380.000
En Venta Departamento En Condominio Tao 2do Anillo Beni Y Alemana 128000$ 198m2,Departamentos,3,3,1,198,Centro,128.000
Bonita Casa Con Espacio Comercial 4 Habitaciones,Casas,3,2,1,249,Sur,165.000
Casa En Venta,Casas,3,2,2,238,Este,215.000
Colinas Del Urubo 2 Vendo Residencia,Casas,4,3,3,600,Urubó,1.400.000
"Casa En Venta En El Urubo , Cond. Santa Cruz La Vieja",Casas,3,3,3,392,Urubó,310.000
Casa En Venta,Casas,3,3,2,180,Oeste,125.000
Hermoso Departamento En Venta,Departamentos,3,3,0,155,Norte,150.000
Casa En Condominio  Avenida Los Cusis,Casas,4,3,2,285,Norte,230.000
Amplio Departamento Con Garaje Y Baulera,Departamentos,3,3,1,166,Sur,140.000
Casa En Venta Barrio Urbari,Casas,4,3,2,335,Oeste / Urbari,170.000
Casa A Estrenar Zona Remanso,Casas,3,3,2,270,Norte,165.000
Edificio -multifamiliar,Departamentos,2,2,1,250,Norte,200.000
Remanso III - Amplia Casa A Estrenar,Casas,3,3,3,197,Norte / Remanso,140.000
Casa En Venta Polanco,Casas,3,3,2,175,Sur / Polanco,150.000
Casa Con Piscina En Venta En El Urubo (una Planta ),Casas,3,3,3,250,Urubó,185.000
Bella Casa Inteligente Vendo O Alquilo,Casas,5,3,3,670,Norte / Equipetrol,850.000
Casa En Venta A Estrenar De 2 Plantas Con 4 Dormitorios Crédito Directo,Casas,4,3,2,165,Norte,97.900
Casa De Lujo Zona Parque Urbano,Casas,4,3,3,550,Este,375.000
"Casa De Lujo En Condominio Céntrico,",Casas,3,3,2,400,Norte / Hamacas,350.000
Casa En Venta O Alquiler Cond. Priv. Brisas Del Norte 1,Casas,3,3,2,185,Norte / Remanso,138.000
Lujoso Y Espectacular Penthouse De 350m2  Con 3 Plantas En Condominio Exclusivo,Departamentos,5,3,2,350,Centro,315.000
"Bella Casa Amplia  En Venta , Entre Primer Y Segundo Anillo Precio Ofertable",Casas,4,3,3,338,Norte,290.000
Bonita Casa En Venta,Casas,5,3,0,170,Oeste,130.000
Amplia Casa En Venta 5to Anillo Avenida Pirai,Casas,5,3,3,295,Norte,165.000
Bonita Y Cómoda Casa A Estrenar De 4 Habitaciones,Casas,4,3,2,270,Sur,155.000
Departamento En Venta  Zona Equipetrol,Departamentos,2,3,0,230,Norte / Equipetrol,295.000
Lindo Penthouse En Equipetrol,Departamentos,3,3,1,345,Norte / Equipetrol,355.000
Condominio Taruma Tower Crédito Directo 3 Dormitorio,Departamentos,3,2,2,1135,Norte,124.850
Departamento En Venta En Edif .green Lux,Departamentos,2,2,0,888,Oeste,74.211
Casa En Venta Diagonal Los Tajibos,Casas,4,3,3,427,Norte / Equipetrol,550.000
Hermosa Casa,Casas,5,3,0,282,Sur,115.000
Departamento En Venta Zona Sur,Departamentos,2,3,1,10936,Centro,125.000
"Excelente Oportunidad De Inversión O Para Vivir, Casa En Venta, Av. Pirai 4to. A",Casas,3,3,2,384,Oeste,210.000
Casa De Lujo A Estrenar,Casas,4,3,2,250,Norte,240.000
Departamento De Lujo,Departamentos,4,3,0,315,Norte,210.000
Zona Comercial  Isabel La Católica Vendo Casa,Casas,5,3,2,300,Centro,350.000
Hermosa Casa En Venta De 2 Planta,Casas,3,3,0,162,Ciudadelas,135.000
"Casa En Venta , Condominio Brisas Del Norte",Casas,3,3,2,161,Norte / Remanso,135.000
Casa De Lujo  A La Venta En Colinas Del Urubo,Casas,5,3,3,700,Urubó,690.000
Casa En Venta En Urubo - Villa Bonita,Casas,3,2,2,250,Urubó,245.000
Hermosa Casa En Venta En Condominio Ciudad Jardín,Casas,3,3,3,529,Norte,370.000
Terreno En Venta  Con Construcción Antigua,Casas,4,3,2,400,Norte,330.000
"Precio De Oferta, Bonita Casa Zona Norte, Venta O Anticretico",Casas,3,3,2,368,Norte,248.000
Casa En Venta Sobre El Cambódromo,Casas,5,1,1,300,Este,218.000
Casa En Venta Con Crédito Directo A 10 Años,Casas,3,2,1,280,Norte,81.000
Hermosa Casa,Casas,3,2,2,236,Norte,92.000
Hermosa Casa En Venta,Casas,5,3,0,350,Este,280.000
NA,NA,NA,NA,0,NA,NA,NA
Departamento En Mono Ambiente,Departamentos,1,1,3,158,Centro,51.500
Propiedad A Estrenar,Casas,4,3,0,220,Norte / Remanso,145.000
Casa En Venta,Casas,5,3,0,257,Norte,195.000
Ultimos Departamentos En Pre-venta,Departamentos,2,2,1,7433,Este,75.840
Hermosa Casa Sobre Avenida Con Piscina Y Lindos Jardines,Casas,5,3,3,796,Este,465.000
Casa En Venta 2 Plantas En Condominio Pradera,Casas,3,2,2,185,Norte,105.000
Ocasion Venta De Departamento Calle Cochabamba,Departamentos,3,3,1,199,Sur,225.000
Departamento De Lujo En Venta Edifico Fragatta,Departamentos,3,3,2,250,Norte / Equipetrol,390.000
Condominio Privado Valle Norte 2,Casas,4,3,3,200,Norte / Remanso,120.000
Por Ocasión – Casa En Venta  Zona Norte/urbanizacion Baquitu,Casas,5,3,3,499,Norte,250.000
Penthouse Duplex En Cond. Jardines Del Norte 4,Departamentos,4,3,1,26130,Norte,340.000
Hermosa Casa En Venta,Casas,3,3,2,250,Este,120.000
"Hermosa Casa En Venta En Condominio Colinas Del Urubo, Sector 2",Casas,4,3,3,700,Urubó,1.200.000
Departamentos En Pre Venta En Edif: Inmoba,Departamentos,3,2,1,8160,Oeste,81.518
Casa Tipo Colonial Perfecta Para Vivienda Y Comercio Sobre Av.,Casas,5,3,3,380,Sur,270.000
Casa En Venta Condominio Privado Sevilla Norte 1,Casas,4,3,2,266,Norte,118.000
Casa En Condominio Privado,Casas,4,3,3,167,Norte / Remanso,168.000
Vendo O Alquilo Casa De 2 Pisos - En Condominio Las Palmas Los Jardines,Casas,3,3,2,182,Oeste,120.000
Muy Bonita Casa A Estrenar,Casas,3,2,0,172,Norte,76.000
Bello Terreno Av. Suarez Arana,Casas,5,3,3,500,Este,585.000
Hermosa Casa Al Norte,Casas,4,3,3,380,Norte,175.000
Casa En Venta $85000.,Casas,3,2,2,180,Norte,85.000
Hermosa Casa En Venta!!!!,Casas,3,3,0,398,Norte,220.000
Hermosa Casa En Venta En El Urubo Golf!,Casas,3,3,3,337,Urubó,400.000
Hermosa Y Moderna Casa En Venta Jardines Del Urubo,Casas,4,3,1,300,Urubó,200.000
Departamento De Lujo Zona Equipetrol,Departamentos,2,3,0,230,Norte / Equipetrol,295.000
Casa,Casas,4,3,3,200,Este,155.000
Hermosa Casa A Estrenar - Condominio Cerrado Zona Norte,Condominio,4,3,2,197,Norte,150.000
Casa En Venta – Condominio Espíritu Santo,Casas,3,2,2,207,Este,135.000
Casa Con Todos Los Servicios Básicos Y Papeles Al Día,Casas,4,1,0,180000,Norte,Consultar
"Condominio Barcelo  Av. Banzer, Km 9.5 Cerca Col. Cambridge",Casas,4,3,3,390,Norte,225.000
Casa En Venta Remanso II,Casas,4,3,2,180,Norte,108.000
Casa En El Centro Ideal Para Negocio.,Casas,5,3,3,614,Centro,450.000
"Gran Oferta , No Pierdas La Oportunidad De Comprar Esta Hermosa Quinta Canaan",Casas,5,3,3,349,Norte,190.000
Zona Norte Av. Alemana Y 7mo Anillo Sobre La Av. Con 2 Locales Comerciales Av.,Casas,5,3,3,300,Norte,187.500
Km 8 Y Medio Al Norte Condominio Cerrado,Casas,4,3,0,220,Norte,153.000
Ciudad Jardin Casa A Estrenar,Casas,3,3,0,268,Norte,240.000
Venta Casa,Casas,5,1,2,437,Sur,105.000
Casa En Venta - Urubo,Casas,3,3,3,380,Urubó,450.000
Hermosa Casa A Estrenar,Casas,3,3,2,200,Sur,135.000
Hermosa Casa En Venta,Casas,3,2,1,200,Sur,91.000
Bella Casa De 2 Plantas - Sup. Terreno 265 M2 - 170 M2 Sup Construidas,Casas,3,3,2,170,Norte / Remanso,159.500
Casa De Lujo A Estrenar,Casas,3,3,0,235,Oeste,210.000
Condominio Vista Verde Vendo Departamento A Estrenar En último Edificio,Departamentos,3,3,2,163,Oeste,185.500
Vendo Depto En Condominio Vista Verde,Departamentos,4,3,1,157,Oeste,169.000
Casa En Condominio Las Brisas Km 8.5 Al Norte Vendo,Casas,3,3,2,295,Norte,270.000
Urubo Vendo Linda Casa,Casas,3,3,2,240,Norte,195.000
"Departamento De Lujo Zona Sur, Condominio Suant",Departamentos,3,3,2,300,Sur,365.000
Vendo Casa En Palma Verde,Casas,3,3,3,169,Este,79.000
Casa Comercial En Venta Calle Aroma 564 Entre Vaca Diez Y 6 De Agosto,Casas,4,2,1,171,Centro,295.000
Colinas Del Urubo Sector La Cañada Vendo,Casas,3,3,3,400,Urubó,460.000
Casa Vendo Urb.nueva Esperanza Km 12 D. Via La Guardia,Casas,5,3,2,240,Oeste,95.000
Casa Sobre El 1er Anillo,Casas,3,2,0,300,Centro,780.000
Casa En Condominio La Pradera Zona Norte,Casas,3,3,2,178,Norte,105.000
Casa A Estrenar,Casas,3,2,0,300,Sur,65.000
"Hermoso Dpto De 3 Dormitorios En Venta, Zona Central Sur",Departamentos,3,3,2,160,Centro,158.000
Casa De Diseño A Estrenar,Casas,5,3,0,640,Urubó,660.000
Departamento De 3 Dormitorios A Estrenar,Departamentos,3,3,1,157,Centro,150.830
En Venta Modernas Y Amplias Casas En Condominio Cerrado Km 8 1/2 Av Banzer,Casas,4,3,3,250,Norte,139.000
Condominio Florencia,Departamentos,3,3,0,170,Oeste,145.000
Pent House En Venta,Departamentos,4,3,2,511,Norte,850.000
Cas Zona Norte Entre Alemana Y Beni 2do Anillo,Casas,5,3,2,386,Norte,550.000
Casas A La Venta En Condominio Santa Cruz La Vieja,Casas,3,3,2,260,Urubó,219.000
Casa En Sevilla Los Jardines Amoblada,Casas,4,3,2,172,Norte,138.000
Departamento En Venta,Departamentos,3,3,0,156,Norte,145.000
Casa De Dos Pisos,Casas,3,3,2,150,Norte / Remanso,115.000
Condominio Hacienda 1,Casas,4,3,2,312,Norte,350.000
En Excelente Estado,Casas,4,3,0,485,Urubó,380.000
Casa En Equipetrol,Casas,4,3,2,281,Norte / Equipetrol,270.000
"Casa En Venta, Av. Piraí Y 4to Anillo, 3 Dormitorios.. $110.000.. Wsapp. 7101641",Casas,3,3,2,180,Oeste,110.000
1030 Mts.2 Barrio El Trompillo Zona El Deber,Casas,4,3,3,300,Sur,420.000
Casa En Venta Construccion Nueva,Casas,3,2,1,159,Oeste,122.000
"Bella Casa Quinta Con 2 Casas... Tipo Cond.! Santa Cruz, La Guardia Km. 9",Casas,5,3,3,1100,Oeste,1.295.000
Edificio En Venta,Condominio,2,1,3,884,Norte,360.000
"Casa Comercial Sobre Av. Melchor Pinto, Centro Con Buen Retorno De Alquileres",Casas,3,3,0,230,Centro,260.000
Hermosa Casa En Condominio  Al Oeste,Casas,3,3,2,245,Oeste,205.000
Excelente Opción Para Generar Ingresos Por Alquileres,Casas,4,3,1,286,Sur,142.000
Casa En Venta Av. Mutualista 2do Y 3er Anillo  Zona Norte: Hermosa Ubicación,Casas,4,2,2,264,Norte,140.000
Casa En Venta Av Alemana Domotizada,Casas,4,3,2,260,Norte,260.000
Sobre El 3er Anillo Entre Alemana Y Beni,Casas,3,3,3,400,Norte / Hamacas,575.400
"Oficinas Bien Ubicadas, 9 Ambiente, 2 Areas Multifuncionales Dos Plantas Garaje",Casas,5,2,3,640,Norte,Consultar
Casa En Venta En Satelite Norte,Casas,3,2,2,200,Norte,57.000
Vendo Casa Céntrica En Av. Melchor Pinto Entre 1er. Y 2do. Anillo.,Casas,5,2,1,250,Centro,357.000
"Casa En El Norte, Urbanización Cerrada",Casas,4,3,2,200,Norte,205.000
Casa En Venta Radial 26,Casas,4,3,2,182,Norte,148.000
"Urb. Jardines Del Urubo 1, Amplia Casa En Venta",Casas,4,3,3,327,Urubó,330.000
Casa En Venta,Casas,5,3,0,350,Sur,500.000
Hermoso Departamento De 3 Dormitorios En Soho Residences Las Palmas,Departamentos,3,3,2,267,Oeste / Las palmas,403.800
"Casa A Estrenar, Excelente Ubicacion En Condominio Privado",Casas,3,3,2,236,Norte / Remanso,148.000
"Casa En Venta Zona Norte, Barrio Entel Norte",Casas,5,2,2,164,Urubó,110.000
Amplia Casa Zona Banzer 5to Anillo,Casas,3,3,2,289,Norte,170.000
"Vendo  Z/ Oeste, Radial 17 1/2 Y 5to An, Una Linda Casa Amplia En Condominio.",Casas,5,3,3,300,Oeste / Doble via la guardia,210.000
Hermosa Casa Calle Moldes,Casas,3,2,0,155,Centro,120.000
Casa En Venta,Casas,3,3,3,353840,Urubó,385.000
Lujosa Casa En Colinas Del Urubo S1!!!,Casas,4,3,2,450,Urubó,520.000
Barrio Montecristo Sur >>> Zona Este,Casas,5,3,2,342,Este,102.000
"Penthouse De Lujo, Barrio Las Palmas",Departamentos,3,3,0,843,Oeste / Las palmas,1.362.000
Venta Departamento Con Financiamiento Directo Al 100%,Departamentos,2,2,1,6465,Norte,66.675
En Tramite,Casas,3,2,2,200,Este,85.000
Casa En Venta - Condominio Las Orquideas,Condominio,4,3,2,170,Norte / Remanso,60.000
Green Lux Condominio | Un Lujo Natural!,Condominio,1,1,1,3425,Oeste,29.797
Nueva,Casas,5,3,0,300,Sur,360.000
"Casa En Venta De 3 Dormitorios, 396 Mt2 De Terreno",Casas,3,1,2,170,Norte / Remanso,125.000
Propietario Traspasa Casa En Cond. La Fontana Riviera 2 - Para Entrega Inmediata,Casas,3,3,2,160,Norte,117.000
Condominio Tapiosi,Departamentos,3,3,1,11513,Norte,49.000
Casa En Condominio De Lujo - La Fontana Riviera II,Casas,4,3,1,151,Norte,129.000
Vendo Una Casa Muy Bien Ubicada En Zona De Alta Plusvalía.,Casas,5,3,1,320,Sur / Polanco,260.000
Urubo Los Parque Vendo Linda Casa,Casas,4,3,3,280,Urubó,370.000
Departamento En Venta Torre Vanguardia,Departamentos,4,3,1,155,Sur,175.000
Preciosa Casa En Venta En El Condominio Ciudad Jardín,Casas,4,3,2,360,Norte,290.000
"Hermoso Departamento, Inmejorables Areas Sociales",Departamentos,3,3,1,170,Norte,160.000
*oferta !!!* *hermosa Casa En Venta*   *av Virgen De Cotoca Entre 7mo Y 8vo Anillo !!!*  *a Dos  Cuadra De La Avenida*  Detalle   *900mt2*  Habitaciones : *9*  Baños : *6*  Direccion :  *carretera A Cotoca Entre 7mo Y 8vo Anillo Y Av. Montecristo A Dos Cu,Casas,5,3,0,420,Este,280.000
Venta De Casa Por Necesidad De Enfermedad,Casas,3,2,1,290,Oeste,140.000
En Venta Depto Barrio Las Palmas,Departamentos,4,3,0,224,Oeste / Las palmas,300.000
Condominio Vista Verde - 3dorm - 2 Garajes - Sólo $us 165.000,Departamentos,3,2,2,157,Oeste,165.000
Hermosa Casa A Precio De Remate,Casas,3,3,0,187,Norte / Remanso,149.000
Casa En Venta Sobre Avenida B./ Urbari,Casas,3,3,1,195,Oeste / Urbari,160.000
Casa En Venta En Buena Ubicacion,Casas,3,2,1,232,Oeste,175.000
Casa En Venta Sevilla Terrazas II,Casas,3,2,1,180,Norte,75.000
Linda Casa En Venta En Av. Beni,Casas,3,3,2,517,Norte,620.000
Casa De Lujo,Casas,5,3,3,1100,Este,590.000
Casa En Venta Colinas Del Urubo S2,Casas,5,3,2,763,Norte,870.000
Casa En Av. Cristo Redentor Entre 2do. Y 3er. Anillo.,Casas,4,2,3,250,Norte,485.000
"Gran Oportunidad!! Casa A Estrenar, Av. Alemana 7mo Anillo",Casas,3,3,2,170,Norte,120.000
Casa En Condominio Las Tacuaras,Casas,3,2,2,200,Norte,155.000
Equipetrol Av. La Salle 2 Y 3er Anillo Lado Aduana Nacional,Casas,5,2,2,300,Centro,223.000
Hermosa Casa En Barrio Norte,Casas,3,3,3,528,Norte,785.000
Casa En Venta Av Virgen De Cotoca,Casas,4,3,2,250,Este,168.000
Departamento Exclusivo Zona Sur,Departamentos,3,3,3,360,Sur,310.000
Nuevo Precio!!!!calle Sao Entre Av. Alemana Y Av. Beni,Casas,5,3,2,350,Norte,670.000
Hermosa Casa En Barrio Las Palmas,Casas,4,3,3,517,Oeste / Las palmas,650.000
Casa En Venta Sobre Avenida 7mo Anillo Entre Banzer Y Canal Pedro Velez,Casas,5,3,2,270,Norte / Remanso,175.000
Departamento De 3 Dorm,Departamentos,3,3,0,202,Oeste,120.000
Casa Lujosa En Venta,Casas,5,3,2,617,Este,499.000
Hermosa Casa De 5 Habitaciones.2 Cocinas.2 Baños.garaje.construccion Nueva,Casas,5,2,0,300,Sur,65.000
Casa En Venta  2 Plantas,Casas,3,2,2,218,Sur,130.000
Hermosa Casa En Venta,Casas,5,2,1,321,Centro,290.000
Espectacular Residencia De 4 Suites Zona Norte,Casas,4,3,3,536,Norte / Hamacas,850.000
Vendo Una Casa Unica  En  Colinas Del Urubo,Casas,5,3,3,700,Urubó,870.000
Departamento En El Edificio La Riviera,Departamentos,3,3,2,205,Oeste,300.000
Hermosa Casa En Venta  En La Santos Dumont,Casas,5,3,3,772,Sur,550.000
Hermosa Vivienda Colinas Del Urubo °de 4 Suites,Casas,4,3,3,475,Urubó,500.000
Casa En Venta En Santa Cruz,Casas,4,2,0,275,Sur,100.000
Casa En Venta Sobre Av 8vo Anillo,Casas,4,3,2,250,Este,190.000
Amplio Departamento En Venta Ubicado En Una De Las Zonas Más Cómoda De La Ciudad,Departamentos,5,3,0,162,Centro,139.500
Hermosa Y Amplia Residencia,Casas,5,3,3,600,Oeste,295.000
Casa En Preventa,Casas,3,2,2,213,Sur,130.000
Casa En Ciudad Jardin,Casas,3,3,2,376,Norte,385.000
"Casa En Venta, Zona Norte En Santa Cruz. Condominio Sevilla Las Terrazas",Casas,3,3,2,155,Norte,108.000
Lujoso Departamento En Venta,Casas,4,3,2,308,Norte / Equipetrol,550.000
Zona Norte,Casas,4,3,4,980,Norte / Remanso,345.000
Amplio Y Céntrico Departamento,Departamentos,4,3,3,233,Centro,249.000
Venta Linda Casa De 2 Plantas,Casas,3,3,2,207,Norte / Hamacas,180.000
Vendo Casa De Ocasión Serca A La Plaza Del Mechero,Casas,3,2,1,180,Ciudadelas,75.000
Las Orquideas,Casas,3,2,0,300,Este,46.500
Hermosa Casa A Estrenar De 2 Plantas En Av. Paragua Entre 3er Y 4to Anillo,Casas,3,3,1,190,Norte,159.000
"Casa En Venta, Zona Nueva Feria Barrio Lindo, Lado 4to Anillo",Casas,5,3,3,360,Este,315.000
Usada,Casas,4,3,0,485,Urubó,380.000
Si,Casas,3,2,1,256,Norte,137.000
"Casa De 2 Plantas En Venta, En Condominio Cerrado, Zona Norte Av Beni 4 Y 5 A",Casas,3,3,2,190,Norte,139.000
Departamento En Venta Zona Equipetrol,Departamentos,2,3,0,230,Norte / Equipetrol,295.000
Hermosa Casa 4 Habitaciones En Condominio Zona Norte,Casas,4,3,1,350,Norte / Remanso,220.000
Hermosa Casa En Venta,Casas,3,3,2,245,Sur,135.000
Departamento 5 Dorm En Venta,Departamentos,5,2,1,151,Norte,140.000
En Cond. Z/norte° Hermosa Casa Moderna De 2 Suites-ref: 77810111,Casas,2,3,1,160,Norte / Remanso,129.000
Vivienda O Negocio,Casas,3,3,2,313,Centro,210.000
Casa En Venta  Av Alemana Entre 3  Y  4 Anilo,Casas,4,3,2,280,Norte,135.000
Propiedad En Avenida Transversal  Zona Norte 4to Y 5to Anillo Av. Banzer Y Beni,Casas,3,2,0,294,Norte,285.000
"4 Dormitorios Amplia, De Lujo, Completa Casa En Condominio Privado",Casas,4,3,1,310,Norte / Remanso,230.000
Casa  En  Venta,Casas,4,3,1,350,Este,175.000
Casa En Venta Zona Av. Las Americas,Casas,4,3,2,446,Sur,425.000
Tu Casa Ideal En Venta Lista Para Mudarse!!!,Casas,3,3,2,204,Norte / Remanso,116.000
Casa Bonita,Casas,2,3,0,50000,Centro,800.000
Amplio Departamento En Venta Zona Norte,Departamentos,3,3,2,165,Norte,165.000
Casa Minimalista En Excelente Estado,Casas,3,3,2,240,Norte,175.000
Hermoso Departamento  Equipetrol 215 M2,Departamentos,3,3,2,215,Norte / Equipetrol,310.000
Casa Con Excelente Ubicación En Venta - Radial 27 Y 4to Anillo!!!,Casas,3,3,3,225,Norte,155.000
Departemento De Lujo Equipetrol,Departamentos,3,3,1,175,Norte / Equipetrol,250.000
En El Urubo Vendo Una   Linda Casa Amplia A Estrenar De 4 Dormitorios,Casas,4,3,3,300,Urubó,295.000
Casa En Vena Zoan Norte Alemana Y Mutualista 3er Y 4to Anillo,Casas,3,3,2,170,Norte,135.000
Vivienda Familiar,Casas,5,3,3,200,Este,170.000
Hermosa Vivienda De Lujo En Colinas Del Urubo,Casas,4,3,3,430,Urubó,570.000
"Vendo Un Hermoso Depto  200m2 4  Dorms, 3r Anillo Tres Pasos Al Frente Y Polanco",Departamentos,4,3,1,195,Sur,125.000
Casa En Condominio Barcelo,Casas,4,3,2,390,Norte / Remanso,248.000
Casa En Venta En Santa Cruz. Urbanización El Remanzo,Casas,3,3,2,198,Norte / Remanso,190.000
3 Anillo Av.beni/ Hamacas,Casas,5,3,0,263,Norte,250.000
"Casa Grande En Zona Sur, Vivienda Y Negocio !",Casas,4,3,0,434,Sur,280.000
"Zona Norte, Linda Casa 4d, 8vo An Av Banzer",Casas,4,3,2,430,Norte,230.000
En Venta Edificio Comercial En Zona Centrica,Departamentos,5,3,3,850,Centro,1.650.000
"Nuevo Precio 145,000 Casa Zona Oeste Radial 17.5 Vendo",Casas,3,3,2,350,Oeste,145.000
Propietario Vende Hermosa Casa  En Barrio Cañada Del Carmen.,Casas,4,3,1,250,Sur,170.000
Hermosa Casa Mutualista,Casas,4,3,2,180,Norte,145.000
Hermosa Casa En Venta,Casas,4,3,1,165,Norte,125.000
Propietario Vende Casa En Los Parques Del Urubo,Casas,4,3,3,311,Urubó,235.000
Hermosa Casa A Precio De Lote Con Salida A 2 Calles En Zona Super Comercial,Casas,5,3,3,750,Oeste,580.000
Vendo - Alquilo Departamento De Lujo En Equipetrol.,Departamentos,4,3,2,580,Norte / Equipetrol,300.000
Casa En Venta Con Gran Oportunidad De Ingresos Por Alquiler.,Casas,5,3,1,500,Este,470.000
Terrenos En Venta Cod. Kerana 1,Casas,1,1,0,280,Este,31.000
Magnífica Casa En 4º Anillo Santa Cruz,Casas,5,2,2,265,Sur,300.000
En Venta De Ocasion,Casas,3,1,0,200,Sur,110.000
"Casa En Venta En Urbari Con 3 Cuartos, 3 Baños $us 330.000 Equipada!",Casas,3,3,2,300,Centro,330.000
Casa De 2 Plantas Zona Sur,Casas,3,2,2,200,Sur,115.000
Casa En El Urubo,Casas,3,3,2,156,Urubó,78.000
Condominio Tapiopí 3 Dormitorios - Crédito Directo,Departamentos,3,3,1,1195,Norte,129.500
Hermosa Casa Para Vivienda Y Comercio En Venta Zona Oeste,Casas,5,3,0,410,Oeste,280.000
Casa Y Terreno,Casas,5,2,0,240,Sur,115.000
"Vendo Linda Casa A Estrenar 160m2, 8vo Anillo Z/ San Aurelio",Casas,4,2,3,160,Norte,72.000
Linda Casa Condominio Barrio Las Palmas,Casas,4,3,3,313,Oeste / Las palmas,345.000
Espectacular Casa Con Precio De Ocación,Casas,3,3,2,220,Norte,155.000
Avenida Alemana Y 7mo Anillo Casa En Venta,Casas,4,3,2,209,Norte,155.000
Hermosa Casa Zona Norte,Casas,3,3,2,158,Norte / Remanso,115.000
Hermosa Casa De Lujo En Venta,Casas,4,3,2,210,Este,110.000
Casa En Venta,Casas,4,3,2,300,Norte / Remanso,140.000
Hermosa Casa En Condominio Boulevard Pedro Vélez,Casas,3,3,2,211,Sur,130.000
Condominio Sevilla El Bosque,Casas,3,2,1,200,Norte,120.000
"Sevilla Norte 2 Km 9 Norte Sobre La Av. Banzer, Propietario Vende!",Casas,3,3,2,159,Norte,110.000
Belissimo Departamento B.urbary,Departamentos,4,3,2,200,Este,200.000
Casa En Venta - Condominio La Arboleda (zona El Remanso),Casas,3,3,0,200,Norte / Remanso,140.000
De Ocasion Vendo Casa En Villa Rosario Avenida Piray Entre 3er Y 4to Anillo,Casas,5,3,1,430,Sur,140.000
Hermosa Casa En Venta En Condominio Villa Toscana,Casas,4,3,3,265,Norte,340.000
Fgf Ghfg Hfgh Fghfgh,Casas,3,3,3,254,Urubó,6.564
Amplia Casa Con Oportunidad De Negocio O Inversión En Zona De Plusvalía,Casas,5,3,0,436,Norte,230.000
Casa En Venta Santos Dumont,Casas,3,3,2,183,Sur,135.000
Colinas Del Urubo 2 Vendo Mansion,Casas,5,3,3,1200,Urubó,2.100.000
Condominio La Fontana Family Club,Casas,3,3,3,175,Norte,166.000
En Zona Norte 7mo Anillo Av. Alemana,Casas,5,3,3,240,Norte,190.000
Esta Casa Es Para Tí,Casas,3,3,3,200,Norte / Remanso,200.000
Casa En Ventar A 20 Mts De La Av. Virgen De Cotoca,Casas,4,3,2,212,Este,149.000
Casas De Lujo - Av. Beni Entre 8vo. Y 9no. Anillo (atrás Sede Blooming),Casas,3,3,1,210,Norte,140.000
Casa A Estrenar De Dos Plantas,Casas,3,3,2,180,Sur,99.000
Casa En Venta Zona Norte,Casas,5,3,3,275,Norte,120.000
Casa  En Venta  Av Beni Entre 2do Y Av Los Cusis,Casas,3,3,3,250,Norte,220.000
Departamento En Torre Berlín,Departamentos,4,3,2,200,Norte,280.000
Hermosa Casa Polo Country,Casas,5,3,2,517,Norte,340.000
Amplia Casa En Venta Zona Mutualista Entre 2 Y 3er Anillo,Casas,5,3,2,370,Norte,195.000
Casa En Venta Zona Av. Ovidio Barbery,Casas,4,2,2,178,Centro,130.000
Hermosa Casa En Venta Urubo Sector 1.,Casas,4,3,0,450,Urubó,540.000
Casa En Venta – Zona Norte Hermosa Casa En Venta En Av. Banzer 6to. Anillo. 	8,Casas,5,3,3,315,Norte,185.000
Casa De Dos Planta En Venta Zona El Zoologico,Casas,3,2,2,283,Norte,275.000
Casa A Estrenar En El Urubo,Casas,3,3,3,234,Centro,220.000
¡¡ Casas A Estrenar En El Condominio Exclusivo ¨jardines Del Norte V¨,Casas,3,3,3,332,Norte,354.000
"Bonita Casa En Venta A Estrenar En Condomio Asai I, Construido Sobre Lote De 306",Casas,3,2,2,225,Oeste,115.000
Casa En Cond. Cavyar - Av. Pirai,Casas,3,3,2,192,Oeste,165.000
Hermosa Casa Norte,Casas,3,3,2,265,Norte / Remanso,190.000
Zona Oeste Entre 3er Y 4to Anillo Av. Centenario,Departamentos,3,3,1,223,Ciudadelas,95.000
Casa En Venta ¡¡¡¡,Casas,4,3,3,350,Oeste,169.000
Departamento En Venta En Centro De La Ciudad,Departamentos,3,2,1,205,Centro,110.000
Casa De 6 Habitaciones Cond. Hamburgo Norte,Casas,5,3,3,457,Norte / Remanso,310.000
Casa En Venta 4 Dormitorios Roca Y Coronado  3er Y 4to Anillo,Casas,4,2,2,170,Oeste,178.000
Departamento En Venta Zona Norte 2d,Departamentos,2,2,1,1000,Norte,80.000
Zona Urubo,Casas,4,3,1,200,Urubó,210.000
Vivienda Unifamiliar De 3 Niveles En Excelentes Condiciones (negociable),Casas,5,3,2,304,Este,280.000
Hermosa Casa En Condominio En El Urubo,Casas,4,3,3,400,Urubó,298.000
En Condominio Exclusivo!! Bella Casa De 2 Plantas,Casas,4,3,3,420,Sur,430.000
"Extranjera Vende Por Viaje Casa En Zona Norte, El Remanso 2",Casas,4,3,2,160,Norte / Remanso,129.000
Casa En Venta - Villa 1ro De Mayo,Casas,3,2,3,160,Este,135.000
Casa En Venta.,Casas,4,2,2,320,Norte,67.000
Hermosas Casas  En Venta Zona Oeste,Casas,5,3,3,400,Oeste,560.000
Casa En Condominio,Casas,3,3,0,200,Norte / Remanso,185.000
Hermosa Casa En Venta Barrio Residencial,Casas,5,3,3,600,Oeste / Urbari,530.000
Bonita Casa De Una Planta Con Todas Las Comodidades,Casas,4,3,0,212,Norte,235.000
Casa En Venta - Radial 19,Casas,5,3,3,190,Oeste,220.000
Excelente Oportunidad De Inversion,Casas,4,3,2,600,Oeste,295.000
Hermosa Casa En Venta,Casas,4,2,2,300,Norte,220.000
Casa Condomino La Arboleda,Casas,3,3,2,200,Norte / Remanso,139.000
Duplex A Estrenar,Departamentos,3,3,1,154,Norte / Hamacas,154.000
"Barrio Sirari, Calle Las Begonias",Casas,3,3,2,300,Norte / Equipetrol,550.000
Urubo Country Club Acciones,Condominio,5,3,3,3000,Norte,18.000
Casa En Venta Zona Norte,Casas,3,3,2,186,Norte,140.000
Propiedad Estándar,Casas,5,3,0,360,Norte,170.000
Casa En Av. Beni 2do Anillo,Casas,5,3,2,235,Norte,230.000
Monoambiente Con Hermosa Vista A Estrenar De Lujo,Departamentos,1,1,0,3485,Norte / Equipetrol,52.000
Departamento En Venta De 237 Mts. Condominio Icon,Departamentos,3,3,2,237,Norte,315.000
Casa C.gualberto Villarroel (plaza Cbba),Casas,3,3,3,340,Centro,570.000
"Pent Housede Lujo En Venta, Equipetrol Norte 3er. Anillo",Departamentos,3,3,2,202,Norte / Equipetrol,245.000
Casa En Venta  Colinas Del Urubo,Casas,5,3,3,900,Urubó,1.100.000
Inmobiliaria Tico Ortiz Da Hermosa Casa En Venta    En Condominio Bella Grecia  Con Financiamiento Bancario  Detalle   Habitaciones : 4  Baños : 4   Direccion : 3er Anillo Externo Entre  Av/ San Aurelio Y Radial 10. Detras Del Club Polanco.  Zona  : Sur,Casas,4,3,0,250,Sur / Polanco,200.000
"No Te Pierdas Esta Gran Oferta¨ Amplia Casa En Venta, Condominio Centurias",Casas,4,3,3,191,Norte / Remanso,195.000
Hermosa Vivienda En Construcción En Urubó Golf,Casas,3,3,3,442,Urubó,565.000
Nueva De Paquete A Estrenar,Casas,3,3,0,144000,Centro,105.000
"Casa En Venta En Villa Bonita, Urubo",Casas,3,3,2,340,Urubó,190.000
Barrio Guaracachi  5to Anillo  Zona Este,Casas,4,2,2,224,Este,100.000
Vendo Hermoso Departamento De 3 Dormitorios Sin Amoblar De 200m2,Departamentos,3,3,2,200,Norte / Equipetrol,325.000
Casa En Venta,Casas,4,2,1,200,Centro,40.000
Casa En Venta Zona Norte Radial 26,Casas,4,1,0,215,Norte,133.000
Casa En Condominio (cel 70824123),Casas,4,2,2,158,Oeste,163.000
Inmueble Con Múltiples Ambientes,Casas,5,3,3,577,Norte,380.000
Duplex Con Terraza Y Balcón 3 Dormitorios,Departamentos,3,3,2,160,Centro,150.000
Hermosa Casa Condominio Al Norte,Casas,4,3,3,270,Norte,175.000
Preventa De Departamentos,Departamentos,2,2,0,4000,Centro,5.000
Hermosa Casa A Estrenar,Casas,5,3,0,320,Sur,180.000
Hermosa Casa En Venta En Colinas Del Urubo S2,Casas,5,3,3,750,Norte,1.300.000
Jardines Del Urubo II Vendo Casa Con O Sin Muebles,Casas,4,3,2,245,Urubó,280.000
Casa En Venta En Condominio Barcelo,Casas,4,3,3,202,Norte / Remanso,129.000
Hermosa Casa En Barrio Sirari,Casas,4,3,0,509,Norte / Equipetrol,730.000
Casa En Venta Por Viaje!!,Casas,5,2,2,390,Sur,149.000
Vendo Moderno Departamento Segundo Anillo- $us 68.000,Departamentos,1,1,1,55670,Centro,68.000
Urubo Colinas Vendo Bella Casa,Casas,4,3,3,520,Urubó,1.000.000
Remato Casa Radial 26 Zona Norte,Casas,4,3,2,355,Norte,150.000
Bellisimo Departamento En Zona Residencial,Departamentos,3,3,2,650,Sur,500.000
Casa En Venta En Cond. Colinas Del Urubo Sector 2,Casas,4,3,3,540,Urubó,740.000
Amplia Y Hermosa Casa Nueva En Zona Oeste Km. 9,Casas,3,3,2,228,Oeste,124.000
Linda Casa Con Piscina En Barrio Cordecruz,Casas,4,3,3,191,Norte,240.000
"En Oferta: Vendo Casa, ""precio Por Debajo De Avaluó 2018"" 95.000 $us",Casas,5,2,3,299,Sur,95.000
Hermoso Penthouse Soho Residences Barrio Las Palmas,Departamentos,3,3,3,531,Oeste / Las palmas,720.000
En Venta Dpto Duplex A Estrenar!!!,Departamentos,3,3,1,184,Este,169.900
"Se Vende Bonita Casa En Solo 98,000 $us, Barrio El  Periodista",Casas,3,2,1,180,Oeste / Doble via la guardia,98.000
Hermosa Casa En Venta.,Casas,4,3,0,180,Sur,105.000
¡departamento En Venta Condominio Torre Milán!,Casas,3,3,1,173,Centro,160.000
Departamento En El Mirador De Las Americas,Departamentos,4,3,0,195,Sur,285.000
Hermosa Casa De 3 Habitaciones,Casas,3,2,1,9761,Norte,129.500
Casa En Venta En Condominino Santa Cruz De La Colina Urubo,Casas,4,3,2,344,Urubó,274.000
Hermosa Casa En Venta De 2 Plantas - Zona Norte – Av. Alemana 6to Anillo❗,Casas,4,3,3,256,Norte,165.000
Colinas Del Urubo Sector 1nuevo Precio Vendo Casa De Diseño,Casas,4,3,3,480,Urubó,460.000
Hermosa Casa En Exclusivo Barrio Residencial Las Palmas,Casas,4,3,3,360,Oeste,370.000
Casa Estilo Minimalista,Casas,5,3,0,350,Norte,180.000
La Casa De Tus Sueños Con Un Precio De Fantasía,Casas,3,2,0,360,Sur,72.000
Casa En Venta A Estrenar,Casas,4,3,0,220,Sur,165.000
"Vendo 2 Casas Juntas Sobre La Av. Cumavi, Antes De Llegar Al 8 Anillo",Casas,3,2,2,180,Este,130.000
Lujosa Casa En Villa Bonita,Casas,5,3,3,914,Urubó,380.000
Edif. Punta Del Este,Departamentos,3,3,1,175,Norte,205.000
Sobre 4to Anillo Entre La Doble Via La Guardia Y Radial 17 1/2,Casas,5,3,3,975,Oeste / Doble via la guardia,690.000
Casa En Cond. Barrio Norte,Casas,5,3,3,465,Norte,600.000
Oportunidad - Hermosa Casa A Estrenar,Casas,3,2,1,12548,Norte,119.500
"Casa En Venta, Acogedora Y Cómoda Casa A Precio De Terreno. Zona Norte",Casas,5,3,3,592,Norte,490.000
Hermosa Y Grande Casa,Casas,5,3,3,350,Sur,445.000
Casa En Venta Zona Cambodromo,Casas,4,3,0,220,Norte,139.000
"Bella Casa A Estrenar En Venta, 4to. Anillo Av. Grrigota",Casas,3,3,2,15645,Sur,130.000
Vendo Hermosa Casa - Zona Norte,Condominio,5,3,3,490,Norte,540.000
Casa De 3 Dormitorios,Casas,3,2,2,220,Este,85.000
Hermosa Casa En Venta Barrio Cordecruz Sur,Casas,3,3,2,347,Sur,240.000
Casa En Venta En Condominio Barrio Norte,Casas,4,3,2,590,Norte,675.000
A Estrenar,Casas,3,3,0,239,Norte / Remanso,160.000
Semi Nueva,Casas,5,3,0,365,Norte,410.000
Espectacular Penthouse En Soho Residences Barrio Las Palmas,Departamentos,4,3,3,764,Oeste / Las palmas,1.100.000
Casa En Venta Zona Sur,Casas,3,3,3,202,Sur,100.000
Hermosa Casa En Venta,Casas,5,3,0,360,Norte,210.000
Venta De Hermosa Casa A Estrenar,Casas,3,3,2,200,Sur,135.000
Casa En Venta A Estrenar En Jardines Del Norte V,Casas,3,3,2,346,Norte,362.000
En Condominio La Fontana Riviera 1 - Casa A Estrenar,Casas,3,3,1,13366,Norte,133.000
Casa Comercial Sobre Av. 5to Anillo Y Doble Vía La Guardia En Venta,Casas,5,3,3,700,Sur,1.450.000
Casa Zona Norte Avenida Beni Entre 4to Y 5to Anillo,Casas,3,3,2,185,Norte / Hamacas,150.000
Casa En Venta De Lujo A Estrenar En Cond. Jardines Del Norte V,Casas,3,3,2,332,Norte,354.000
"Hermosa Y Cómoda Casa De Dos Plantas, Radial 27 4to Anillo.",Casas,4,3,2,200,Norte,150.000
Santa Cruz Casa En Venta.,Casas,3,3,0,620,Urubó,460
Propiedad A Tu Mejor Comodidad,Casas,4,3,0,200,Oeste,105.000
A Estrenar Linda Y Amplia Casa En Venta  Zona Norte - 6to. Anillo Av. Beni,Casas,3,3,3,189,Norte,148.000
Hermosa Casa En Venta  En Condominio Bella Vista Carretera A Cotoca,Casas,4,3,3,235,Este,172.000
Casa Zona Sur,Casas,3,3,3,320,Sur,450.000
Edificio Itaoca - Barrio Las Palmas - Calle Bahia Cáceres Casi Esquina Calle 9.,Departamentos,2,2,1,160,Oeste / Las palmas,95.000
Casa Le Parc Costanera Club,Casas,4,3,2,45745,Oeste,210.000
"Hermosa Casa A Estrenar, 4 Dormitorios En Cond. Santa Cruz De La Colina, Urubó",Casas,4,3,3,325,Urubó,210.000
Venta O Alquiler Hermoso Monoambiente De Lujo - Cond. Onix Equipetrol,Departamentos,1,1,1,435,Norte / Equipetrol,75.000
Casa En Venta Hacienda 1 Sector El Rincon Zona Norte Entre Banzer Y Beni,Casas,4,3,2,31239,Norte,340.000
En Venta Lujosa Casa En Jardines Del Urubo,Casas,5,3,2,649,Urubó,515.000
Casa Para Negocio En Zona Sur Cruceña,Casas,3,3,3,500,Sur,295.000
Casa En Venta Barrio Equipetrol,Casas,4,3,2,260,Norte / Equipetrol,290.000
Casa,Casas,3,3,3,360,Este,385.000
Propiedad A Estrenar,Casas,3,3,0,312,Este,250.000
"Vendo MI Casa, 350000 Dolares 71659136",Casas,4,3,2,254,Norte / Equipetrol,350.000
Linda Casa A Estrenar 4 Habitaciones En Equina,Casas,4,3,2,251,Sur,138.000
"Casa De 5 Dorms En El Norte, Condominio Barcelo",Casas,5,2,2,245,Norte / Remanso,190.000
"Amplio Inmueble Céntrico, Ideal Para Vivienda, Hotel Boutique O Comercio",Casas,5,3,3,617,Centro,740.000
Hermosa Casa En Venta Condominio Barcelona De Dos Plantas,Casas,3,3,2,197,Norte,160.000
Casa En Venta En Buena Ubicacion,Casas,3,2,1,200,Sur,180.000
"Vendo Casa  De Ensueño En El Condominio ""el Pedregal""",Casas,3,3,2,190,Norte,145.000
"Casa Hermosa En Condominio, Zona Norte, Directo Con Propietaria:",Casas,4,3,3,390,Norte,261.000
Vendo Casa A Estrenar Sobre El 8º Anillo Y Av. Cumavi,Casas,5,3,3,280,Este,180.000
Hermosa Vivienda   Zona  Sur 6° Anillo Santo  Dumont,Casas,3,3,2,205,Sur,Consultar
Condominio Munich Norte,Casas,4,3,2,240,Norte,190.000
Zona Norte Radial 27 Entre 3er Y 4to Anillo,Casas,4,3,1,880,Ciudadelas,450.000
Casa En Venta Zona Norte,Casas,3,3,1,200,Norte,125.000
Zona Oeste 4to Anilo Vivienda Y Negocio Vendo,Casas,5,3,2,400,Oeste,650.000
Lindo Departamento En Las Palmas,Casas,3,3,2,200,Oeste,221.000
Colinas Del Urubo - Sector 2 En Venta,Casas,5,3,3,1343,Urubó,1.300.000
"139.500$ Vende Inmueble Exelente Ubicación Centrico, Comercial Av Centenario",Casas,5,2,1,220,Centro,139.500
"En Venta La Casa De Tus Sueños, Cómoda, Segura Y Un Muy Buen Precio",Casas,4,3,3,190,Sur,135.000
Departamento Con Crédito Directo,Departamentos,3,3,1,170,Oeste,145.000
En Venta En Ubicación Privilegiada Precioso Departamento De 3 Dormitorios Av Beni 3er Anillo,Departamentos,3,3,0,165,Norte,165.000
Hermoso Departamento En Condominio Mirage,Departamentos,1,1,0,750,Centro,145.000
Casa En Venta  Equipetrol,Casas,4,3,3,600,Norte,690.000
"Casa En Venta De 3 Cuartos, 1 Baño 139.000 Usd",Casas,3,1,2,360,Sur,139.000
Casa En Esquina En La Urbanizacion Las Palmitas,Casas,4,3,2,325,Sur,120.000
Linda Casa De Una Planta Con Piscina,Casas,4,3,3,225,Norte / Remanso,165.000
Casa En Venta  En Pleno Centro Zona 7 Calles,Casas,4,3,0,312,Centro,370.000
Bello Departamento En Venta,Departamentos,2,3,2,170,Oeste / Las palmas,245.000
Hermoso Dpto Planta Baja 4to Anillo Norte,Departamentos,3,3,1,153,Norte,170.000
Casa En Venta Zona Sur,Casas,3,3,3,218,Sur,135.000
Espectacular Amplio Depto. De Lujo! De 3 Dormitorios° Zona Noroeste,Departamentos,3,3,1,247,Norte,195.000
Ultimas 2 Casas Disponibles. Urubo. Jardines Del Urubo II,Casas,3,3,3,260,Urubó,250.000
Casa En Venta - Los Batos,Casas,3,3,2,245,Urubó,240.000
Atencion Comerciantes,Casas,4,3,2,400,Este,380.000
Hermoso Departamento De 2 Suites,Departamentos,2,3,1,175,Norte / Equipetrol,268.000
Casa En Venta Avenida Banzer 6to Anillo,Casas,3,3,2,220,Norte,155.000
Hermosas Casas En El Country Club Casa Campo,Casas,3,3,3,212,Norte / Remanso,230.000
Casa En Venta Zona Norte,Casas,3,3,2,202,Norte,175.000
"Casa En Venta A Estrenar, Radial 13 6to Anillo",Casas,3,3,2,165,Sur,110.000
Casa En Venta En Condominio,Casas,4,3,2,16700,Sur,130.000
Departamento En Venta Sobre Avenida Doble Vía La Guardia,Departamentos,2,2,1,9865,Este,82.000
Vendocasa Zona Centro Calle Oruro,Casas,5,3,3,450,Centro,920.000
Hermosa Casa En Venta,Casas,5,3,2,263,Centro,260.000
"Hermosa Casa En Venta, Colinas Del Urubo Sector 1",Casas,4,3,3,480,Urubó,450.000
Urubo-hermosa Casa De 3 Suites En Condominio Exclusivo Del Urubo,Casas,3,3,3,290,Urubó,269.000
Calle Republiquetas,Casas,5,2,1,252,Centro,285.000
Vivienda En Condominio,Casas,4,3,0,200,Norte / Hamacas,195.000
A Extrenar,Casas,4,3,0,180,Este,121.000
Centrica Casa En Venta,Casas,4,2,3,378,Centro,185.000
Bonita Casa En Venta Ideal Para Su Vivienda Propia Y Alquileres Múltiples.,Casas,5,2,0,340,Norte,157.000
Casa En Venta,Casas,5,3,3,530,Norte / Remanso,485.000
Hermosa Casa,Casas,3,3,0,317,Norte / Remanso,220.000
Hermosisima Casa En Venta,Casas,5,3,0,350,Norte,280.000
Hermosa Casa En Venta,Casas,5,3,2,315,Norte,210.000
Casa En Venta Zona Norte,Casas,3,2,2,250,Norte,230.000
Casa En Av. Alemania 4to Anillo,Casas,5,3,2,250,Norte,179.000
Casa A Estrenar,Casas,3,3,2,160,Sur,130.000
Vendo Hermosa Casa De Dos Plantas A Estrenar,Casas,3,3,0,159,Centro,119.500
Casas De Lujo En Condominio Exclusivo,Condominio,5,3,3,452,Oeste,390.000
Casa En Venta,Casas,3,3,0,160,Oeste,153.000
Inmueble En Zona Comercial,Casas,2,1,0,161,Oeste,120.000
Casa En Venta En Barrio Residencial,Casas,4,3,0,350,Sur / Polanco,245.000
Casa En Venta Avenida Beni 5to Anillo,Casas,3,2,3,180,Norte,133.000
Urubo Hermosa Casa En Venta,Casas,3,3,2,220,Este,150.000
"Barrio Las Palmas, Hermosa Casa De 1 Planta",Casas,4,3,3,350,Oeste / Las palmas,315.000
Casa Comercial,Casas,5,3,0,680,Norte,480.000
Amplia Casa De 5 Dormitorios En Zona Este- Av. San Aurelio 2do Anillo,Casas,5,3,2,320,Este,250.000
Linda Casa En Venta!!!,Casas,3,2,1,231,Norte,98.000
Casa En Venta Barrio Los Chacos,Casas,4,2,3,160,Este,100.000
Excelente Oportunidad De Inversión,Casas,4,2,0,245,Oeste,138.500
Casa Familiar,Casas,5,3,0,300,Norte,445.200
#vendo #casa #quinta En #laguna Azul,Casas,2,2,3,700,Sur,220.000
Urbanización Bosques De La Colina Zona Norte,Casas,3,3,2,248,Norte / Remanso,149.500
Imponente Casa En Urubo,Casas,4,3,3,214,Urubó,210.000
Casa Residencial En Zona Norte,Casas,4,3,2,300,Norte,365.000
Amplia Y Comoda Casa En Venta  Zona Norte-av. Alemana 5to Anillo,Casas,4,2,1,242,Norte,155.000
Hermosa Casa En El Condominio Mas Completo De Bolivia - La Fontana Riviera 1,Casas,3,3,1,16714,Norte,136.000
Departamento De 3 Dormitorios En Venta Zona Norte,Departamentos,3,3,1,13540,Norte,160.000
Bella Casa De 2 Plantas A Estrenar 8vo Anillo Banzer.,Casas,3,3,2,180,Norte,108.000
Propietario Vende Casa Amplia En Condominio Cerrado,Casas,4,3,2,207,Este,140.000
Casa En Venta Av Paragua,Casas,3,3,2,265,Este,260.000
Hermosa Casa En Condominio Privado Z/oeste***,Casas,3,2,2,200,Oeste,197.000
"Vendo 2 Casas  Av, Santos Dumont Zona El Nuevo Palmar 7 Anillo",Casas,3,2,3,200,Sur,150
A Estrenar Casa En Condominio Exclusivo Del Urubo,Casas,3,3,3,265,Urubó,195.000
Zona Sur Zona Plaza Blacutt Departamento A Estrenar,Departamentos,3,3,1,212,Sur,200.000
Casa En Venta Zona Comercial Santa Cruz,Casas,5,3,3,540,Oeste,420.000
Casa En Venta Equipetrol,Casas,4,3,3,300,Norte / Equipetrol,480.000
Se Vende Casa En Avenida Alemana Entre 6to Y 7mo Anillo,Casas,4,3,2,285,Norte,207.000
Condominio Los Portales Departamentos Entrega Inmediata  2 Y 3 Dormitorios,Departamentos,3,2,1,1255,Norte,132.000
Colinas Del Urubo  Vendo Bella Casa De Diseño,Casas,5,3,3,1200,Urubó,1.100.000
Si,Casas,5,3,0,1000,Centro,900.000
Vendo O Permuto Casa Urbanización Espíritu Santo Carretera A Cotoca Km 5 ½,Casas,3,3,2,207,Sur,135.000
Hermosa Propiedad Urbanizacion El Carmen,Casas,5,3,3,764,Norte,495.000
Casa En Venta,Casas,4,3,2,300,Oeste,250.000
Queres Vivir En Zona Comercial En Crecimiento,Casas,5,3,3,321,Norte,200.000
Departamento De 2 Dormitorios En Venta,Departamentos,1,2,0,7540,Norte,83.100
Vendo Casa Por La Avenida El.canbodromo,Casas,5,3,0,400,Norte,198.000
"Negocio Rentable, Casa Zona Oeste",Casas,5,3,3,351,Oeste,300.000
Linda Casa En Venta - Condominio Genesis,Casas,4,3,2,250,Norte,220.000
En Equipetrol Hermoso Apartamento De 3 Dortms.°°°,Departamentos,3,3,2,160,Norte / Equipetrol,198.000
"Hermosa Casa Zona Las Palmas, Sobre El 4to Anillo",Casas,4,3,2,500,Oeste,660.000
"Casas A Estrenar, Av. Banzer 3ro Anillo ( Barrio Hamacas)",Casas,3,3,3,360,Norte,295.000
Casa En Zona Parque Los Mangales Av.beni/4o Anillo,Casas,3,3,2,204,Norte / Hamacas,165.000
Casa En Venta Av. Alemana Entre 2do Y 3er Anillo,Casas,5,3,3,260,Centro,240.000
Colinas Del Urubo  Vendo Linda Casa,Casas,3,3,2,300,Urubó,390.000
Colinas Del Urubo El Paraiso,Casas,4,3,3,511,Urubó,620.000
Casa En Venta ó Alquiler,Casas,4,3,3,265,Oeste / Doble via la guardia,178.000
Casa Zona Expocruz,Casas,3,3,2,240,Oeste,170.000
Casa En Venta En Condominio “brisas Las Palmas”,Casas,3,3,2,190,Oeste / Doble via la guardia,159.000
"De Ocasion!! Vendo Casa En La Mejor Zona De Santa Cruz De La Sierra, Bolivia!!",Casas,4,3,3,360,Norte,240.000
Hermosas Casas A Estrenar En Venta En Condominio Versalles.,Casas,4,3,1,170,Norte / Remanso,150.000
Casa En Venta- Condominio Fontana Km 11,Casas,3,2,2,180,Norte,98.000
"Casa En Venta En Barrio Sirari, Calle Los Lirios",Casas,4,3,3,295,Norte / Equipetrol,290.000
Casa A Estrenar De Lujo En Cond. Jardines Del Norte V,Casas,3,3,2,342,Norte,360.000
Condominio Taruma Tower Credito Directo 2 Dormitorio,Departamentos,2,2,1,725,Norte,79.750
Lujosa Casa Entre Pirai Y Doble Via,Casas,3,3,3,298,Oeste / Doble via la guardia,240.000
Casa En Venta A Estrenar Zona Fexpocruz,Casas,4,3,2,155,Oeste,178.000
Amplia Casa En Venta Zona Villa 1° De Mayo,Casas,5,3,1,200,Este,110.000
Vendo Casa A Estrenar,Casas,3,3,1,214,Norte,140.000
Inmueble En Alquiler O Venta En Zona Siete Calles,Casas,5,3,0,486,Centro,450.000
Casa En Venta En La Calle Andrés Manso (frente A Don Bosco) - Santa Cruz - 907m2,Casas,4,3,2,388,Sur,850.000
En Venta Casa Zona Urubo En Condominio,Casas,3,3,2,385,Urubó,350.000
Propiedad Casa Con 6 Meses De Uso,Casas,3,2,0,200,Centro,65.000
Vendo Lindo Dpto 3er Anillo Banzer,Departamentos,3,3,1,700,Norte,110.000
Hermosa Casa En Venta En Urb. California,Casas,4,3,3,220,Oeste / Doble via la guardia,135.000
Departamento En Venta Em Edif. Itati,Departamentos,3,3,2,213,Sur,220.000
Casa En Venta,Casas,5,3,2,500,Centro,250.000
Casa De Lujo En Venta Condominio Cerrado Costanera Blu,Casas,4,3,2,36523,Oeste,400.000
Bonita Casa En Venta Zona Charcas,Casas,3,3,2,525,Centro,280.000
"Ed. Macororo-9, Alquiler O Venta Hermoso Departamento De Lujo 1 Dormitorio",Departamentos,1,2,0,458,Norte / Equipetrol,80.000
Hermosa Casa Con Piscina En Condominio Ciudad Jardin,Casas,5,3,3,377,Norte,295.000
Autovia Norte Primer Anillo Pasando Unos Metros Del Balneario El Chapuzon,Casas,3,2,2,300,Ciudadelas,48.000
Penthouse En Venta,Departamentos,4,3,2,417,Oeste / Urbari,435.000
Casa En Condominio Cerrado Zona Virgen De Cotoca,Casas,3,2,2,160,Este,95.000
Hermosa Casa En Venta En Urubo Country,Casas,4,3,2,620,Urubó,450.000
Hermosa Casa En Venta``urubo-villa Bonita’’,Casas,5,3,3,500,Urubó,365.000
Urubo Vendo Bella Casa De Diseño,Casas,5,3,3,600,Norte,Consultar
Casa Quinta En El Urubó,Casas,4,3,3,500,Oeste,965.000
Casa En Muy Buen Estado!,Casas,4,3,0,225,Sur,126.000
Casa En Venta A Estrenar Beni 7mo Anillo,Casas,3,3,3,189,Norte,150.000
Zona Roca Y Coronado A Una Cuadra Del 4to Anillo,Casas,3,3,2,164,Oeste,170.000
Hermosa Casa En Venta,Casas,3,3,3,310,Norte,175.000
Hermosa Casa En Venta En Condómino Exclusivo De Santa Cruz,Condominio,5,3,2,300,Norte / Equipetrol,550.000
En Venta Torre Artemisa | Impecable Departamento,Departamentos,3,3,1,152,Sur / Polanco,122.000
Departamente Nuevo,Departamentos,3,3,0,156,Urubó,145.000
Departamento Duplex En Venta,Departamentos,3,3,2,211,Norte / Hamacas,165.000
Hermosa Casa A Estrenar,Casas,3,2,2,197,Este,65.500
Casa En Venta En Cond. Costanera Blue,Casas,3,3,3,365,Oeste,370.000
Dueña Vende Casa O Lote  Zona Comercial 3er Anillo Externo,Casas,5,3,3,366,Oeste,350.000
Casa Equipada,Casas,4,3,0,165,Sur,108.000
Departamento De Lujo En La Rieviera,Departamentos,4,3,2,514,Norte / Equipetrol,950.000
Duplex En Venta En Equipetrol,Departamentos,3,3,2,283,Norte / Equipetrol,260.000
Casa En Venta A Estrenar,Casas,4,3,0,200,Norte,120.000
Casa Comercial - Cerca Al Mercado Los Pozos,Casas,5,3,3,180,Norte,125.000
Vendo Casa A Estrenar,Casas,3,3,2,200,Norte,117.000
Casa En Venta A Estrenar Zona Este 3er Anillo,Casas,3,3,2,220,Este,149.000
"Casa En Condominio, Zona Norte, Km 8 1/2",Casas,4,3,2,180,Norte / Remanso,140.000
Casa En Venta En Cond. Colinas Del Urubo,Casas,4,3,3,570,Urubó,597.000
Bellisima,Casas,3,3,0,340,Norte / Remanso,265.000
Casa En Venta 77822616,Casas,5,1,3,250,Sur,80.000
Casa En Venta En Urbanización Olender,Casas,3,2,2,160,Sur,112.000
Av. Banzer 3er Anillo Externo En Plena Esquina Calle Seboi,Casas,5,3,2,405,Norte,288.000
100001234,Casas,3,3,2,204,Norte,152.000
Hermosa Casa Con 3 Departamentos En Venta,Casas,4,3,3,462,Norte,320.000
Propiedad A Estrenar,Casas,5,3,0,260,Este,92.000
Residencia De Lujo  En Venta En Condominio Murano,Casas,4,3,3,371,Oeste / Doble via la guardia,495.000
Casa Muy Bien Ubicada,Casas,3,2,2,212,Norte,150.000
Casa  De 4 Dorm. En Venta Sevilla Las Terrazas II,Casas,4,2,2,177,Norte,129.000
De Ocasion Casa En Venta,Casas,5,3,3,538,Este,390.000
Casa En Venta Ideal Para Inversión,Casas,5,3,0,420,Centro,430.000
Casa En Venta En El Centro De La Ciudad,Casas,4,3,3,604,Centro,520.000
Casa En Venta Zona Norte,Casas,3,3,2,400,Norte,375.000
Vendo Una Linda Casa De Una Planta Con Piscina  En Las Palmas,Casas,4,3,2,300,Oeste / Las palmas,365.000
Condominio Santa Cruz 2,Departamentos,3,3,1,178,Este,115.000
Casa En Venta,Casas,3,3,2,520,Norte,750.000
Proyecto Casas En Preventa Zona Oeste Avenida Pirai Entre 5to Y 6to Anillo,Casas,3,3,2,152,Oeste,119.500
En Buen Estado,Departamentos,4,3,0,360,Centro,340.000
Hermosa Casa En Condo. Privado En Av. Banzer Entre 5to Y 6to,Casas,3,3,2,350,Norte,300.000
Casa En Esquina En  Venta Cond. Sevilla Norte 1,Casas,4,3,2,200,Norte,135.000
